Workbook

Sheet Lookup
A1: A | B1: B | C1: C
A2: Batch ID | B2: Temp (°C) | C2: Risk Level
A3: B-01 | B3: =VLOOKUP(RawData!A3,RawData!A3:E12,3,0) -> 420 | C3: =IF(RawData!C3>400,"HIGH RISK",IF(RawData!C3>300,"MEDIUM RISK","SAFE")) -> HIGH RISK
A4: B-02 | B4: =VLOOKUP(RawData!A4,RawData!A4:E13,3,0) -> 280 | C4: =IF(RawData!C4>400,"HIGH RISK",IF(RawData!C4>300,"MEDIUM RISK","SAFE")) -> SAFE
A5: B-03 | B5: =VLOOKUP(RawData!A5,RawData!A5:E14,3,0) -> 350 | C5: =IF(RawData!C5>400,"HIGH RISK",IF(RawData!C5>300,"MEDIUM RISK","SAFE")) -> MEDIUM RISK
A6: B-04 | B6: =VLOOKUP(RawData!A6,RawData!A6:E15,3,0) -> 190 | C6: =IF(RawData!C6>400,"HIGH RISK",IF(RawData!C6>300,"MEDIUM RISK","SAFE")) -> SAFE
A7: B-05 | B7: =VLOOKUP(RawData!A7,RawData!A7:E16,3,0) -> 410 | C7: =IF(RawData!C7>400,"HIGH RISK",IF(RawData!C7>300,"MEDIUM RISK","SAFE")) -> HIGH RISK
A8: B-06 | B8: =VLOOKUP(RawData!A8,RawData!A8:E17,3,0) -> 310 | C8: =IF(RawData!C8>400,"HIGH RISK",IF(RawData!C8>300,"MEDIUM RISK","SAFE")) -> MEDIUM RISK
A9: B-07 | B9: =VLOOKUP(RawData!A9,RawData!A9:E18,3,0) -> 260 | C9: =IF(RawData!C9>400,"HIGH RISK",IF(RawData!C9>300,"MEDIUM RISK","SAFE")) -> SAFE
A10: B-08 | B10: =VLOOKUP(RawData!A10,RawData!A10:E19,3,0) -> 390 | C10: =IF(RawData!C10>400,"HIGH RISK",IF(RawData!C10>300,"MEDIUM RISK","SAFE")) -> MEDIUM RISK
A11: B-09 | B11: =VLOOKUP(RawData!A11,RawData!A11:E20,3,0) -> 180 | C11: =IF(RawData!C11>400,"HIGH RISK",IF(RawData!C11>300,"MEDIUM RISK","SAFE")) -> SAFE
A12: B-10 | B12: =VLOOKUP(RawData!A12,RawData!A12:E21,3,0) -> 440 | C12: =IF(RawData!C12>400,"HIGH RISK",IF(RawData!C12>300,"MEDIUM RISK","SAFE")) -> HIGH RISK

Sheet Summaray
A1: A | B1: B
A2: Metric | B2: Value
A3: Total Batches | B3: =COUNTA('[1]Raw Data'!A3:A12) -> 10
A4: Column1 | B4: Column2
A5: Total Pass | B5: =COUNTIF(RawData!E3:E12,"Pass") -> 5
A6: Total Fail | B6: =COUNTIF(RawData!E3:E12,"Fail") -> 5
A7: Avg Temp (All) | B7: =AVERAGE(RawData!C3:C12) -> 323
A8: Avg Temp (Fail only) | B8: =AVERAGEIF(RawData!E3:E12,"Fail",RawData!C3:C12) -> 402
A9: Avg Pressure (Pass only) | B9: =AVERAGEIF(RawData!E3:E12,"Pass",RawData!D3:D12) -> 6
A10: High Risk Batches (Temp > 400) | B10: =COUNTIF(RawData!C3:C12,">400") -> 3

Sheet RawData
A1: A | B1: B | C1: C | D1: D | E1: E
A2: Batch ID | B2: Catalyst | C2: Temperature (°C) | D2: Pressure (bar) | E2: Result
A3: B-01 | B3: Zeolite | C3: 420 | D3: 12 | E3: Fail
A4: B-02 | B4: Platinum | C4: 280 | D4: 7 | E4: Pass
A5: B-03 | B5: Zeolite | C5: 350 | D5: 15 | E5: Fail
A6: B-04 | B6: Platinum | C6: 190 | D6: 5 | E6: Pass
A7: B-05 | B7: Zeolite | C7: 410 | D7: 11 | E7: Fail
A8: B-06 | B8: Platinum | C8: 310 | D8: 8 | E8: Pass
A9: B-07 | B9: Zeolite | C9: 260 | D9: 6 | E9: Pass
A10: B-08 | B10: Platinum | C10: 390 | D10: 13 | E10: Fail
A11: B-09 | B11: Zeolite | C11: 180 | D11: 4 | E11: Pass
A12: B-10 | B12: Platinum | C12: 440 | D12: 14 | E12: Fail
